{
  "auc_uncalibrated": 0.5708936462991876,
  "ks_uncalibrated": 0.15902775940088387,
  "auc_calibrated": 0.5538615734737622,
  "ks_calibrated": 0.08031437719971421
}