{
  "auc_uncalibrated": 0.7224795664693362,
  "ks_uncalibrated": 0.35084267820840714,
  "auc_calibrated": 0.7157935840800291,
  "ks_calibrated": 0.3261555154138275
}