{
  "auc_uncalibrated": 0.5608465608465608,
  "ks_uncalibrated": 0.29453262786596124,
  "auc_calibrated": 0.548206937095826,
  "ks_calibrated": 0.29041740152851264
}